{
	"ClassName": "Atmosphere",
	"Properties": {
		"Density": 0.3,
		"Offset": 0.25,
		"Color": [0.780392, 0.780392, 0.780392],
		"Decay": [0.415686, 0.439216, 0.490196],
		"Glare": 0,
		"Haze": 0
	}
}