{
	"ClassName": "Camera",
	"Properties": {
		"CFrame": [-58.7255516, 2.08566737, -52.7605209, -0.822012365, -0.167368203, -0.544319332, -0, 0.95583564, -0.29390192, 0.569469571, -0.241591007, -0.785708785],
		"Focus": [-57.6369095, 2.67347312, -51.1890984, 1, 0, 0, 0, 1, 0, 0, 0, 1]
	}
}